BEGIN TRANSACTION;
CREATE TABLE IF NOT EXISTS `Compound_Component_Arte` (
	`id`	INTEGER PRIMARY KEY AUTOINCREMENT,
	`compound_id`	INTEGER,
	`arte_id`	INTEGER
);
INSERT INTO `Compound_Component_Arte` (id,compound_id,arte_id) VALUES (1,1,52);
INSERT INTO `Compound_Component_Arte` (id,compound_id,arte_id) VALUES (2,2,15);
INSERT INTO `Compound_Component_Arte` (id,compound_id,arte_id) VALUES (3,3,53);
INSERT INTO `Compound_Component_Arte` (id,compound_id,arte_id) VALUES (4,4,54);
INSERT INTO `Compound_Component_Arte` (id,compound_id,arte_id) VALUES (5,5,4);
INSERT INTO `Compound_Component_Arte` (id,compound_id,arte_id) VALUES (6,6,4);
INSERT INTO `Compound_Component_Arte` (id,compound_id,arte_id) VALUES (7,7,6);
INSERT INTO `Compound_Component_Arte` (id,compound_id,arte_id) VALUES (8,8,5);
INSERT INTO `Compound_Component_Arte` (id,compound_id,arte_id) VALUES (9,9,10);
INSERT INTO `Compound_Component_Arte` (id,compound_id,arte_id) VALUES (10,10,12);
INSERT INTO `Compound_Component_Arte` (id,compound_id,arte_id) VALUES (11,11,13);
INSERT INTO `Compound_Component_Arte` (id,compound_id,arte_id) VALUES (12,12,12);
INSERT INTO `Compound_Component_Arte` (id,compound_id,arte_id) VALUES (13,13,13);
INSERT INTO `Compound_Component_Arte` (id,compound_id,arte_id) VALUES (14,14,20);
INSERT INTO `Compound_Component_Arte` (id,compound_id,arte_id) VALUES (15,15,21);
INSERT INTO `Compound_Component_Arte` (id,compound_id,arte_id) VALUES (16,16,22);
INSERT INTO `Compound_Component_Arte` (id,compound_id,arte_id) VALUES (17,17,58);
INSERT INTO `Compound_Component_Arte` (id,compound_id,arte_id) VALUES (18,18,60);
INSERT INTO `Compound_Component_Arte` (id,compound_id,arte_id) VALUES (19,19,59);
INSERT INTO `Compound_Component_Arte` (id,compound_id,arte_id) VALUES (20,20,45);
INSERT INTO `Compound_Component_Arte` (id,compound_id,arte_id) VALUES (21,21,45);
INSERT INTO `Compound_Component_Arte` (id,compound_id,arte_id) VALUES (22,22,45);
INSERT INTO `Compound_Component_Arte` (id,compound_id,arte_id) VALUES (23,23,52);
INSERT INTO `Compound_Component_Arte` (id,compound_id,arte_id) VALUES (24,24,15);
INSERT INTO `Compound_Component_Arte` (id,compound_id,arte_id) VALUES (25,25,53);
INSERT INTO `Compound_Component_Arte` (id,compound_id,arte_id) VALUES (26,26,54);
INSERT INTO `Compound_Component_Arte` (id,compound_id,arte_id) VALUES (27,27,31);
INSERT INTO `Compound_Component_Arte` (id,compound_id,arte_id) VALUES (28,28,56);
INSERT INTO `Compound_Component_Arte` (id,compound_id,arte_id) VALUES (29,29,34);
INSERT INTO `Compound_Component_Arte` (id,compound_id,arte_id) VALUES (30,30,14);
INSERT INTO `Compound_Component_Arte` (id,compound_id,arte_id) VALUES (31,31,31);
INSERT INTO `Compound_Component_Arte` (id,compound_id,arte_id) VALUES (32,32,56);
INSERT INTO `Compound_Component_Arte` (id,compound_id,arte_id) VALUES (33,33,56);
INSERT INTO `Compound_Component_Arte` (id,compound_id,arte_id) VALUES (34,34,34);
INSERT INTO `Compound_Component_Arte` (id,compound_id,arte_id) VALUES (35,35,34);
INSERT INTO `Compound_Component_Arte` (id,compound_id,arte_id) VALUES (36,36,14);
INSERT INTO `Compound_Component_Arte` (id,compound_id,arte_id) VALUES (37,37,31);
INSERT INTO `Compound_Component_Arte` (id,compound_id,arte_id) VALUES (38,38,56);
INSERT INTO `Compound_Component_Arte` (id,compound_id,arte_id) VALUES (39,39,34);
INSERT INTO `Compound_Component_Arte` (id,compound_id,arte_id) VALUES (40,40,14);
INSERT INTO `Compound_Component_Arte` (id,compound_id,arte_id) VALUES (41,41,32);
INSERT INTO `Compound_Component_Arte` (id,compound_id,arte_id) VALUES (42,42,45);
INSERT INTO `Compound_Component_Arte` (id,compound_id,arte_id) VALUES (43,43,45);
INSERT INTO `Compound_Component_Arte` (id,compound_id,arte_id) VALUES (44,44,41);
INSERT INTO `Compound_Component_Arte` (id,compound_id,arte_id) VALUES (45,45,69);
INSERT INTO `Compound_Component_Arte` (id,compound_id,arte_id) VALUES (46,46,8);
INSERT INTO `Compound_Component_Arte` (id,compound_id,arte_id) VALUES (47,47,69);
INSERT INTO `Compound_Component_Arte` (id,compound_id,arte_id) VALUES (48,48,8);
INSERT INTO `Compound_Component_Arte` (id,compound_id,arte_id) VALUES (49,49,42);
INSERT INTO `Compound_Component_Arte` (id,compound_id,arte_id) VALUES (50,50,43);
INSERT INTO `Compound_Component_Arte` (id,compound_id,arte_id) VALUES (51,51,43);
INSERT INTO `Compound_Component_Arte` (id,compound_id,arte_id) VALUES (52,52,46);
INSERT INTO `Compound_Component_Arte` (id,compound_id,arte_id) VALUES (53,53,46);
INSERT INTO `Compound_Component_Arte` (id,compound_id,arte_id) VALUES (54,54,46);
INSERT INTO `Compound_Component_Arte` (id,compound_id,arte_id) VALUES (55,55,25);
INSERT INTO `Compound_Component_Arte` (id,compound_id,arte_id) VALUES (56,56,25);
INSERT INTO `Compound_Component_Arte` (id,compound_id,arte_id) VALUES (57,57,25);
INSERT INTO `Compound_Component_Arte` (id,compound_id,arte_id) VALUES (58,58,25);
INSERT INTO `Compound_Component_Arte` (id,compound_id,arte_id) VALUES (59,59,25);
INSERT INTO `Compound_Component_Arte` (id,compound_id,arte_id) VALUES (60,60,62);
INSERT INTO `Compound_Component_Arte` (id,compound_id,arte_id) VALUES (61,61,61);
INSERT INTO `Compound_Component_Arte` (id,compound_id,arte_id) VALUES (62,62,63);
INSERT INTO `Compound_Component_Arte` (id,compound_id,arte_id) VALUES (63,63,65);
INSERT INTO `Compound_Component_Arte` (id,compound_id,arte_id) VALUES (64,64,66);
INSERT INTO `Compound_Component_Arte` (id,compound_id,arte_id) VALUES (65,65,64);
INSERT INTO `Compound_Component_Arte` (id,compound_id,arte_id) VALUES (66,66,45);
INSERT INTO `Compound_Component_Arte` (id,compound_id,arte_id) VALUES (67,67,45);
INSERT INTO `Compound_Component_Arte` (id,compound_id,arte_id) VALUES (68,68,45);
INSERT INTO `Compound_Component_Arte` (id,compound_id,arte_id) VALUES (69,1,55);
INSERT INTO `Compound_Component_Arte` (id,compound_id,arte_id) VALUES (70,2,55);
INSERT INTO `Compound_Component_Arte` (id,compound_id,arte_id) VALUES (71,3,55);
INSERT INTO `Compound_Component_Arte` (id,compound_id,arte_id) VALUES (72,4,55);
INSERT INTO `Compound_Component_Arte` (id,compound_id,arte_id) VALUES (73,5,17);
INSERT INTO `Compound_Component_Arte` (id,compound_id,arte_id) VALUES (74,6,40);
INSERT INTO `Compound_Component_Arte` (id,compound_id,arte_id) VALUES (75,7,23);
INSERT INTO `Compound_Component_Arte` (id,compound_id,arte_id) VALUES (76,8,23);
INSERT INTO `Compound_Component_Arte` (id,compound_id,arte_id) VALUES (77,9,42);
INSERT INTO `Compound_Component_Arte` (id,compound_id,arte_id) VALUES (78,10,43);
INSERT INTO `Compound_Component_Arte` (id,compound_id,arte_id) VALUES (79,11,43);
INSERT INTO `Compound_Component_Arte` (id,compound_id,arte_id) VALUES (80,12,46);
INSERT INTO `Compound_Component_Arte` (id,compound_id,arte_id) VALUES (81,13,46);
INSERT INTO `Compound_Component_Arte` (id,compound_id,arte_id) VALUES (82,14,20);
INSERT INTO `Compound_Component_Arte` (id,compound_id,arte_id) VALUES (83,15,21);
INSERT INTO `Compound_Component_Arte` (id,compound_id,arte_id) VALUES (84,16,22);
INSERT INTO `Compound_Component_Arte` (id,compound_id,arte_id) VALUES (85,17,21);
INSERT INTO `Compound_Component_Arte` (id,compound_id,arte_id) VALUES (86,18,20);
INSERT INTO `Compound_Component_Arte` (id,compound_id,arte_id) VALUES (87,19,22);
INSERT INTO `Compound_Component_Arte` (id,compound_id,arte_id) VALUES (88,20,2);
INSERT INTO `Compound_Component_Arte` (id,compound_id,arte_id) VALUES (89,21,1);
INSERT INTO `Compound_Component_Arte` (id,compound_id,arte_id) VALUES (90,22,57);
INSERT INTO `Compound_Component_Arte` (id,compound_id,arte_id) VALUES (91,23,26);
INSERT INTO `Compound_Component_Arte` (id,compound_id,arte_id) VALUES (92,24,36);
INSERT INTO `Compound_Component_Arte` (id,compound_id,arte_id) VALUES (93,25,74);
INSERT INTO `Compound_Component_Arte` (id,compound_id,arte_id) VALUES (94,26,28);
INSERT INTO `Compound_Component_Arte` (id,compound_id,arte_id) VALUES (95,27,42);
INSERT INTO `Compound_Component_Arte` (id,compound_id,arte_id) VALUES (96,28,43);
INSERT INTO `Compound_Component_Arte` (id,compound_id,arte_id) VALUES (97,29,43);
INSERT INTO `Compound_Component_Arte` (id,compound_id,arte_id) VALUES (98,30,42);
INSERT INTO `Compound_Component_Arte` (id,compound_id,arte_id) VALUES (99,31,26);
INSERT INTO `Compound_Component_Arte` (id,compound_id,arte_id) VALUES (100,32,36);
INSERT INTO `Compound_Component_Arte` (id,compound_id,arte_id) VALUES (101,33,74);
INSERT INTO `Compound_Component_Arte` (id,compound_id,arte_id) VALUES (102,34,36);
INSERT INTO `Compound_Component_Arte` (id,compound_id,arte_id) VALUES (103,35,74);
INSERT INTO `Compound_Component_Arte` (id,compound_id,arte_id) VALUES (104,36,28);
INSERT INTO `Compound_Component_Arte` (id,compound_id,arte_id) VALUES (105,37,37);
INSERT INTO `Compound_Component_Arte` (id,compound_id,arte_id) VALUES (106,38,37);
INSERT INTO `Compound_Component_Arte` (id,compound_id,arte_id) VALUES (107,39,37);
INSERT INTO `Compound_Component_Arte` (id,compound_id,arte_id) VALUES (108,40,68);
INSERT INTO `Compound_Component_Arte` (id,compound_id,arte_id) VALUES (109,41,68);
INSERT INTO `Compound_Component_Arte` (id,compound_id,arte_id) VALUES (110,42,37);
INSERT INTO `Compound_Component_Arte` (id,compound_id,arte_id) VALUES (111,43,68);
INSERT INTO `Compound_Component_Arte` (id,compound_id,arte_id) VALUES (112,44,42);
INSERT INTO `Compound_Component_Arte` (id,compound_id,arte_id) VALUES (113,45,43);
INSERT INTO `Compound_Component_Arte` (id,compound_id,arte_id) VALUES (114,46,43);
INSERT INTO `Compound_Component_Arte` (id,compound_id,arte_id) VALUES (115,47,46);
INSERT INTO `Compound_Component_Arte` (id,compound_id,arte_id) VALUES (116,48,46);
INSERT INTO `Compound_Component_Arte` (id,compound_id,arte_id) VALUES (117,49,26);
INSERT INTO `Compound_Component_Arte` (id,compound_id,arte_id) VALUES (118,50,36);
INSERT INTO `Compound_Component_Arte` (id,compound_id,arte_id) VALUES (119,51,74);
INSERT INTO `Compound_Component_Arte` (id,compound_id,arte_id) VALUES (120,52,28);
INSERT INTO `Compound_Component_Arte` (id,compound_id,arte_id) VALUES (121,53,47);
INSERT INTO `Compound_Component_Arte` (id,compound_id,arte_id) VALUES (122,54,48);
INSERT INTO `Compound_Component_Arte` (id,compound_id,arte_id) VALUES (123,55,23);
INSERT INTO `Compound_Component_Arte` (id,compound_id,arte_id) VALUES (124,56,30);
INSERT INTO `Compound_Component_Arte` (id,compound_id,arte_id) VALUES (125,57,9);
INSERT INTO `Compound_Component_Arte` (id,compound_id,arte_id) VALUES (126,58,28);
INSERT INTO `Compound_Component_Arte` (id,compound_id,arte_id) VALUES (127,59,16);
INSERT INTO `Compound_Component_Arte` (id,compound_id,arte_id) VALUES (128,60,22);
INSERT INTO `Compound_Component_Arte` (id,compound_id,arte_id) VALUES (129,61,21);
INSERT INTO `Compound_Component_Arte` (id,compound_id,arte_id) VALUES (130,62,20);
INSERT INTO `Compound_Component_Arte` (id,compound_id,arte_id) VALUES (131,63,22);
INSERT INTO `Compound_Component_Arte` (id,compound_id,arte_id) VALUES (132,64,20);
INSERT INTO `Compound_Component_Arte` (id,compound_id,arte_id) VALUES (133,65,21);
INSERT INTO `Compound_Component_Arte` (id,compound_id,arte_id) VALUES (134,66,70);
INSERT INTO `Compound_Component_Arte` (id,compound_id,arte_id) VALUES (135,67,71);
INSERT INTO `Compound_Component_Arte` (id,compound_id,arte_id) VALUES (136,68,73);
CREATE TABLE IF NOT EXISTS `Compound` (
	`id`	INTEGER PRIMARY KEY AUTOINCREMENT,
	`compound_arte_id`	INTEGER
);
INSERT INTO `Compound` (id,compound_arte_id) VALUES (1,3);
INSERT INTO `Compound` (id,compound_arte_id) VALUES (2,3);
INSERT INTO `Compound` (id,compound_arte_id) VALUES (3,3);
INSERT INTO `Compound` (id,compound_arte_id) VALUES (4,3);
INSERT INTO `Compound` (id,compound_arte_id) VALUES (5,7);
INSERT INTO `Compound` (id,compound_arte_id) VALUES (6,7);
INSERT INTO `Compound` (id,compound_arte_id) VALUES (7,7);
INSERT INTO `Compound` (id,compound_arte_id) VALUES (8,7);
INSERT INTO `Compound` (id,compound_arte_id) VALUES (9,11);
INSERT INTO `Compound` (id,compound_arte_id) VALUES (10,11);
INSERT INTO `Compound` (id,compound_arte_id) VALUES (11,11);
INSERT INTO `Compound` (id,compound_arte_id) VALUES (12,11);
INSERT INTO `Compound` (id,compound_arte_id) VALUES (13,11);
INSERT INTO `Compound` (id,compound_arte_id) VALUES (14,18);
INSERT INTO `Compound` (id,compound_arte_id) VALUES (15,18);
INSERT INTO `Compound` (id,compound_arte_id) VALUES (16,18);
INSERT INTO `Compound` (id,compound_arte_id) VALUES (17,19);
INSERT INTO `Compound` (id,compound_arte_id) VALUES (18,19);
INSERT INTO `Compound` (id,compound_arte_id) VALUES (19,19);
INSERT INTO `Compound` (id,compound_arte_id) VALUES (20,24);
INSERT INTO `Compound` (id,compound_arte_id) VALUES (21,24);
INSERT INTO `Compound` (id,compound_arte_id) VALUES (22,24);
INSERT INTO `Compound` (id,compound_arte_id) VALUES (23,27);
INSERT INTO `Compound` (id,compound_arte_id) VALUES (24,27);
INSERT INTO `Compound` (id,compound_arte_id) VALUES (25,27);
INSERT INTO `Compound` (id,compound_arte_id) VALUES (26,27);
INSERT INTO `Compound` (id,compound_arte_id) VALUES (27,29);
INSERT INTO `Compound` (id,compound_arte_id) VALUES (28,29);
INSERT INTO `Compound` (id,compound_arte_id) VALUES (29,29);
INSERT INTO `Compound` (id,compound_arte_id) VALUES (30,29);
INSERT INTO `Compound` (id,compound_arte_id) VALUES (31,33);
INSERT INTO `Compound` (id,compound_arte_id) VALUES (32,33);
INSERT INTO `Compound` (id,compound_arte_id) VALUES (33,33);
INSERT INTO `Compound` (id,compound_arte_id) VALUES (34,33);
INSERT INTO `Compound` (id,compound_arte_id) VALUES (35,33);
INSERT INTO `Compound` (id,compound_arte_id) VALUES (36,33);
INSERT INTO `Compound` (id,compound_arte_id) VALUES (37,35);
INSERT INTO `Compound` (id,compound_arte_id) VALUES (38,35);
INSERT INTO `Compound` (id,compound_arte_id) VALUES (39,35);
INSERT INTO `Compound` (id,compound_arte_id) VALUES (40,35);
INSERT INTO `Compound` (id,compound_arte_id) VALUES (41,35);
INSERT INTO `Compound` (id,compound_arte_id) VALUES (42,38);
INSERT INTO `Compound` (id,compound_arte_id) VALUES (43,38);
INSERT INTO `Compound` (id,compound_arte_id) VALUES (44,39);
INSERT INTO `Compound` (id,compound_arte_id) VALUES (45,39);
INSERT INTO `Compound` (id,compound_arte_id) VALUES (46,39);
INSERT INTO `Compound` (id,compound_arte_id) VALUES (47,39);
INSERT INTO `Compound` (id,compound_arte_id) VALUES (48,39);
INSERT INTO `Compound` (id,compound_arte_id) VALUES (49,44);
INSERT INTO `Compound` (id,compound_arte_id) VALUES (50,44);
INSERT INTO `Compound` (id,compound_arte_id) VALUES (51,44);
INSERT INTO `Compound` (id,compound_arte_id) VALUES (52,44);
INSERT INTO `Compound` (id,compound_arte_id) VALUES (53,49);
INSERT INTO `Compound` (id,compound_arte_id) VALUES (54,49);
INSERT INTO `Compound` (id,compound_arte_id) VALUES (55,50);
INSERT INTO `Compound` (id,compound_arte_id) VALUES (56,50);
INSERT INTO `Compound` (id,compound_arte_id) VALUES (57,50);
INSERT INTO `Compound` (id,compound_arte_id) VALUES (58,50);
INSERT INTO `Compound` (id,compound_arte_id) VALUES (59,50);
INSERT INTO `Compound` (id,compound_arte_id) VALUES (60,51);
INSERT INTO `Compound` (id,compound_arte_id) VALUES (61,51);
INSERT INTO `Compound` (id,compound_arte_id) VALUES (62,51);
INSERT INTO `Compound` (id,compound_arte_id) VALUES (63,67);
INSERT INTO `Compound` (id,compound_arte_id) VALUES (64,67);
INSERT INTO `Compound` (id,compound_arte_id) VALUES (65,67);
INSERT INTO `Compound` (id,compound_arte_id) VALUES (66,72);
INSERT INTO `Compound` (id,compound_arte_id) VALUES (67,72);
INSERT INTO `Compound` (id,compound_arte_id) VALUES (68,72);
CREATE TABLE IF NOT EXISTS `Character_Arte` (
	`character_id`	INTEGER,
	`arte_id`	INTEGER,
	PRIMARY KEY(`character_id`,`arte_id`)
);
INSERT INTO `Character_Arte` (character_id,arte_id) VALUES (2,1);
INSERT INTO `Character_Arte` (character_id,arte_id) VALUES (2,2);
INSERT INTO `Character_Arte` (character_id,arte_id) VALUES (1,4);
INSERT INTO `Character_Arte` (character_id,arte_id) VALUES (1,5);
INSERT INTO `Character_Arte` (character_id,arte_id) VALUES (1,6);
INSERT INTO `Character_Arte` (character_id,arte_id) VALUES (4,8);
INSERT INTO `Character_Arte` (character_id,arte_id) VALUES (7,8);
INSERT INTO `Character_Arte` (character_id,arte_id) VALUES (3,9);
INSERT INTO `Character_Arte` (character_id,arte_id) VALUES (8,10);
INSERT INTO `Character_Arte` (character_id,arte_id) VALUES (8,12);
INSERT INTO `Character_Arte` (character_id,arte_id) VALUES (8,13);
INSERT INTO `Character_Arte` (character_id,arte_id) VALUES (1,14);
INSERT INTO `Character_Arte` (character_id,arte_id) VALUES (8,15);
INSERT INTO `Character_Arte` (character_id,arte_id) VALUES (3,16);
INSERT INTO `Character_Arte` (character_id,arte_id) VALUES (3,17);
INSERT INTO `Character_Arte` (character_id,arte_id) VALUES (4,17);
INSERT INTO `Character_Arte` (character_id,arte_id) VALUES (7,17);
INSERT INTO `Character_Arte` (character_id,arte_id) VALUES (1,20);
INSERT INTO `Character_Arte` (character_id,arte_id) VALUES (4,20);
INSERT INTO `Character_Arte` (character_id,arte_id) VALUES (7,20);
INSERT INTO `Character_Arte` (character_id,arte_id) VALUES (1,21);
INSERT INTO `Character_Arte` (character_id,arte_id) VALUES (4,21);
INSERT INTO `Character_Arte` (character_id,arte_id) VALUES (7,21);
INSERT INTO `Character_Arte` (character_id,arte_id) VALUES (1,22);
INSERT INTO `Character_Arte` (character_id,arte_id) VALUES (4,22);
INSERT INTO `Character_Arte` (character_id,arte_id) VALUES (7,22);
INSERT INTO `Character_Arte` (character_id,arte_id) VALUES (3,23);
INSERT INTO `Character_Arte` (character_id,arte_id) VALUES (5,25);
INSERT INTO `Character_Arte` (character_id,arte_id) VALUES (3,26);
INSERT INTO `Character_Arte` (character_id,arte_id) VALUES (4,26);
INSERT INTO `Character_Arte` (character_id,arte_id) VALUES (7,26);
INSERT INTO `Character_Arte` (character_id,arte_id) VALUES (3,28);
INSERT INTO `Character_Arte` (character_id,arte_id) VALUES (3,30);
INSERT INTO `Character_Arte` (character_id,arte_id) VALUES (1,31);
INSERT INTO `Character_Arte` (character_id,arte_id) VALUES (1,32);
INSERT INTO `Character_Arte` (character_id,arte_id) VALUES (1,34);
INSERT INTO `Character_Arte` (character_id,arte_id) VALUES (3,36);
INSERT INTO `Character_Arte` (character_id,arte_id) VALUES (4,36);
INSERT INTO `Character_Arte` (character_id,arte_id) VALUES (7,36);
INSERT INTO `Character_Arte` (character_id,arte_id) VALUES (4,37);
INSERT INTO `Character_Arte` (character_id,arte_id) VALUES (7,37);
INSERT INTO `Character_Arte` (character_id,arte_id) VALUES (3,40);
INSERT INTO `Character_Arte` (character_id,arte_id) VALUES (4,41);
INSERT INTO `Character_Arte` (character_id,arte_id) VALUES (7,41);
INSERT INTO `Character_Arte` (character_id,arte_id) VALUES (2,42);
INSERT INTO `Character_Arte` (character_id,arte_id) VALUES (2,43);
INSERT INTO `Character_Arte` (character_id,arte_id) VALUES (5,45);
INSERT INTO `Character_Arte` (character_id,arte_id) VALUES (2,46);
INSERT INTO `Character_Arte` (character_id,arte_id) VALUES (1,47);
INSERT INTO `Character_Arte` (character_id,arte_id) VALUES (1,48);
INSERT INTO `Character_Arte` (character_id,arte_id) VALUES (8,52);
INSERT INTO `Character_Arte` (character_id,arte_id) VALUES (8,53);
INSERT INTO `Character_Arte` (character_id,arte_id) VALUES (8,54);
INSERT INTO `Character_Arte` (character_id,arte_id) VALUES (4,55);
INSERT INTO `Character_Arte` (character_id,arte_id) VALUES (7,55);
INSERT INTO `Character_Arte` (character_id,arte_id) VALUES (1,56);
INSERT INTO `Character_Arte` (character_id,arte_id) VALUES (2,57);
INSERT INTO `Character_Arte` (character_id,arte_id) VALUES (6,58);
INSERT INTO `Character_Arte` (character_id,arte_id) VALUES (6,59);
INSERT INTO `Character_Arte` (character_id,arte_id) VALUES (6,60);
INSERT INTO `Character_Arte` (character_id,arte_id) VALUES (6,61);
INSERT INTO `Character_Arte` (character_id,arte_id) VALUES (6,62);
INSERT INTO `Character_Arte` (character_id,arte_id) VALUES (6,63);
INSERT INTO `Character_Arte` (character_id,arte_id) VALUES (6,64);
INSERT INTO `Character_Arte` (character_id,arte_id) VALUES (6,65);
INSERT INTO `Character_Arte` (character_id,arte_id) VALUES (6,66);
INSERT INTO `Character_Arte` (character_id,arte_id) VALUES (4,68);
INSERT INTO `Character_Arte` (character_id,arte_id) VALUES (7,68);
INSERT INTO `Character_Arte` (character_id,arte_id) VALUES (4,69);
INSERT INTO `Character_Arte` (character_id,arte_id) VALUES (7,69);
INSERT INTO `Character_Arte` (character_id,arte_id) VALUES (1,70);
INSERT INTO `Character_Arte` (character_id,arte_id) VALUES (1,71);
INSERT INTO `Character_Arte` (character_id,arte_id) VALUES (1,73);
INSERT INTO `Character_Arte` (character_id,arte_id) VALUES (3,74);
CREATE TABLE IF NOT EXISTS `Character` (
	`id`	INTEGER PRIMARY KEY AUTOINCREMENT,
	`name`	TEXT
);
INSERT INTO `Character` (id,name) VALUES (1,'Lloyd Irving');
INSERT INTO `Character` (id,name) VALUES (2,'Colette Brunel');
INSERT INTO `Character` (id,name) VALUES (3,'Genis Sage');
INSERT INTO `Character` (id,name) VALUES (4,'Kratos Aurion');
INSERT INTO `Character` (id,name) VALUES (5,'Raine Sage');
INSERT INTO `Character` (id,name) VALUES (6,'Sheena Fujibayashi');
INSERT INTO `Character` (id,name) VALUES (7,'Zelos Wilder');
INSERT INTO `Character` (id,name) VALUES (8,'Presea Combatir');
INSERT INTO `Character` (id,name) VALUES (9,'Regal Bryant');
CREATE TABLE IF NOT EXISTS `Arte` (
	`id`	INTEGER PRIMARY KEY AUTOINCREMENT,
	`name`	TEXT NOT NULL,
	`is_compound`	INTEGER
);
INSERT INTO `Arte` (id,name,is_compound) VALUES (1,'Anneau cyclonique',0);
INSERT INTO `Arte` (id,name,is_compound) VALUES (2,'Anneau tourbillonant',0);
INSERT INTO `Arte` (id,name,is_compound) VALUES (3,'Archi-vent',1);
INSERT INTO `Arte` (id,name,is_compound) VALUES (4,'Bête',0);
INSERT INTO `Arte` (id,name,is_compound) VALUES (5,'Bête chasseuse',0);
INSERT INTO `Arte` (id,name,is_compound) VALUES (6,'Bête enragée',0);
INSERT INTO `Arte` (id,name,is_compound) VALUES (7,'Bête féroce',1);
INSERT INTO `Arte` (id,name,is_compound) VALUES (8,'Canon lance de lumière',0);
INSERT INTO `Arte` (id,name,is_compound) VALUES (9,'Cyclone',0);
INSERT INTO `Arte` (id,name,is_compound) VALUES (10,'Dévastation',0);
INSERT INTO `Arte` (id,name,is_compound) VALUES (11,'Dévastation Boing',1);
INSERT INTO `Arte` (id,name,is_compound) VALUES (12,'Dévastation limitée',0);
INSERT INTO `Arte` (id,name,is_compound) VALUES (13,'Dévastation massive',0);
INSERT INTO `Arte` (id,name,is_compound) VALUES (14,'Double lame du tigre',0);
INSERT INTO `Arte` (id,name,is_compound) VALUES (15,'Double punition',0);
INSERT INTO `Arte` (id,name,is_compound) VALUES (16,'Elan terrestre',0);
INSERT INTO `Arte` (id,name,is_compound) VALUES (17,'Eruption',0);
INSERT INTO `Arte` (id,name,is_compound) VALUES (18,'Estocade de la croix',1);
INSERT INTO `Arte` (id,name,is_compound) VALUES (19,'Estocade du mirage',1);
INSERT INTO `Arte` (id,name,is_compound) VALUES (20,'Estocade ouragan',0);
INSERT INTO `Arte` (id,name,is_compound) VALUES (21,'Estocade sonique',0);
INSERT INTO `Arte` (id,name,is_compound) VALUES (22,'Estocade supersonique',0);
INSERT INTO `Arte` (id,name,is_compound) VALUES (23,'Explosion',0);
INSERT INTO `Arte` (id,name,is_compound) VALUES (24,'Explosion photonique',1);
INSERT INTO `Arte` (id,name,is_compound) VALUES (25,'Faisceaux',0);
INSERT INTO `Arte` (id,name,is_compound) VALUES (26,'Foudre',0);
INSERT INTO `Arte` (id,name,is_compound) VALUES (27,'Foudre punitive',1);
INSERT INTO `Arte` (id,name,is_compound) VALUES (28,'Indignation',0);
INSERT INTO `Arte` (id,name,is_compound) VALUES (29,'Lame Boing',1);
INSERT INTO `Arte` (id,name,is_compound) VALUES (30,'Lame de fond',0);
INSERT INTO `Arte` (id,name,is_compound) VALUES (31,'Lame de tigre',0);
INSERT INTO `Arte` (id,name,is_compound) VALUES (32,'Lame de tigre démoniaque',0);
INSERT INTO `Arte` (id,name,is_compound) VALUES (33,'Lame de tigre L.',1);
INSERT INTO `Arte` (id,name,is_compound) VALUES (34,'Lame de tigre profonde',0);
INSERT INTO `Arte` (id,name,is_compound) VALUES (35,'Lame de tigre T.',1);
INSERT INTO `Arte` (id,name,is_compound) VALUES (36,'Lame de tonnerre',0);
INSERT INTO `Arte` (id,name,is_compound) VALUES (37,'Lame foudroyante',0);
INSERT INTO `Arte` (id,name,is_compound) VALUES (38,'Lame plasma',1);
INSERT INTO `Arte` (id,name,is_compound) VALUES (39,'Lance Boing',1);
INSERT INTO `Arte` (id,name,is_compound) VALUES (40,'Lance de flamme',0);
INSERT INTO `Arte` (id,name,is_compound) VALUES (41,'Lance de lumière',0);
INSERT INTO `Arte` (id,name,is_compound) VALUES (42,'Marteau Boing',0);
INSERT INTO `Arte` (id,name,is_compound) VALUES (43,'Marteau Boing Boing',0);
INSERT INTO `Arte` (id,name,is_compound) VALUES (44,'Mjollnir',1);
INSERT INTO `Arte` (id,name,is_compound) VALUES (45,'Photon',0);
INSERT INTO `Arte` (id,name,is_compound) VALUES (46,'Pluie de marteaux',0);
INSERT INTO `Arte` (id,name,is_compound) VALUES (47,'Pluie d''épées : alpha',0);
INSERT INTO `Arte` (id,name,is_compound) VALUES (48,'Pluie d''épées soniques',0);
INSERT INTO `Arte` (id,name,is_compound) VALUES (49,'Pluie d''étoiles',1);
INSERT INTO `Arte` (id,name,is_compound) VALUES (50,'Prisme d''étoiles',1);
INSERT INTO `Arte` (id,name,is_compound) VALUES (51,'Puissante estocade',1);
INSERT INTO `Arte` (id,name,is_compound) VALUES (52,'Punition',0);
INSERT INTO `Arte` (id,name,is_compound) VALUES (53,'Punition finale',0);
INSERT INTO `Arte` (id,name,is_compound) VALUES (54,'Punition vrillée',0);
INSERT INTO `Arte` (id,name,is_compound) VALUES (55,'Pyro-enfer',0);
INSERT INTO `Arte` (id,name,is_compound) VALUES (56,'Rage de tigre',0);
INSERT INTO `Arte` (id,name,is_compound) VALUES (57,'Ruée tourbillonante',0);
INSERT INTO `Arte` (id,name,is_compound) VALUES (58,'Sceau mirage',0);
INSERT INTO `Arte` (id,name,is_compound) VALUES (59,'Sceau mirage absolu',0);
INSERT INTO `Arte` (id,name,is_compound) VALUES (60,'Sceau mirage limité',0);
INSERT INTO `Arte` (id,name,is_compound) VALUES (61,'Sceau puissant',0);
INSERT INTO `Arte` (id,name,is_compound) VALUES (62,'Sceau puissant absolu',0);
INSERT INTO `Arte` (id,name,is_compound) VALUES (63,'Sceau puissant limité',0);
INSERT INTO `Arte` (id,name,is_compound) VALUES (64,'Sceau serpent',0);
INSERT INTO `Arte` (id,name,is_compound) VALUES (65,'Sceau serpent absolu',0);
INSERT INTO `Arte` (id,name,is_compound) VALUES (66,'Sceau serpent limité',0);
INSERT INTO `Arte` (id,name,is_compound) VALUES (67,'Sombre serpent',1);
INSERT INTO `Arte` (id,name,is_compound) VALUES (68,'Super lame foudroyante',0);
INSERT INTO `Arte` (id,name,is_compound) VALUES (69,'Super lance de lumière',0);
INSERT INTO `Arte` (id,name,is_compound) VALUES (70,'Tempête',0);
INSERT INTO `Arte` (id,name,is_compound) VALUES (71,'Tempête oméga',0);
INSERT INTO `Arte` (id,name,is_compound) VALUES (72,'Tempête photonique',1);
INSERT INTO `Arte` (id,name,is_compound) VALUES (73,'Tempête psy',0);
INSERT INTO `Arte` (id,name,is_compound) VALUES (74,'Vague d''étincelles',0);
COMMIT;
